<?xml version="1.0" encoding="UTF-8"?>
<project-private xmlns="http://www.netbeans.org/ns/project-private/1">
    <editor-bookmarks xmlns="http://www.netbeans.org/ns/editor-bookmarks/2" lastBookmarkId="0"/>
    <open-files xmlns="http://www.netbeans.org/ns/projectui-open-files/2">
        <group>
            <file>file:/D:/CODE/QuanLyCuaHangDienTu-java/Dodientu2/Electronic-store-management-main/Electronic-store-management-main/src/javaapplication3/UserNV_BangPhanCong.java</file>
            <file>file:/D:/CODE/QuanLyCuaHangDienTu-java/Dodientu2/Electronic-store-management-main/Electronic-store-management-main/src/javaapplication3/XemThem.java</file>
            <file>file:/D:/CODE/QuanLyCuaHangDienTu-java/Dodientu2/Electronic-store-management-main/Electronic-store-management-main/src/javaapplication3/BangPhanCong_Admin.java</file>
            <file>file:/D:/CODE/QuanLyCuaHangDienTu-java/Dodientu2/Electronic-store-management-main/Electronic-store-management-main/src/javaapplication3/UserNV_UI.java</file>
            <file>file:/D:/CODE/QuanLyCuaHangDienTu-java/Dodientu2/Electronic-store-management-main/Electronic-store-management-main/src/javaapplication3/BangNVLamViecTrongNgay.java</file>
        </group>
    </open-files>
</project-private>
