<?xml version="1.0" encoding="UTF-8"?>
<project-private xmlns="http://www.netbeans.org/ns/project-private/1">
    <editor-bookmarks xmlns="http://www.netbeans.org/ns/editor-bookmarks/2" lastBookmarkId="0"/>
    <open-files xmlns="http://www.netbeans.org/ns/projectui-open-files/2">
        <group>
            <file>file:/D:/CODE/QuanLyCuaHangDienTu-java/Dodientu2/Electronic-store-management-main/Electronic-store-management-main/src/javaapplication3/ThongTinNhanVien_SuaNV.java</file>
            <file>file:/D:/CODE/QuanLyCuaHangDienTu-java/Dodientu2/Electronic-store-management-main/Electronic-store-management-main/src/javaapplication3/Products.java</file>
            <file>file:/D:/CODE/QuanLyCuaHangDienTu-java/Dodientu2/Electronic-store-management-main/Electronic-store-management-main/src/javaapplication3/ThongTinNhanVien_HienThiNV.java</file>
            <file>file:/D:/CODE/QuanLyCuaHangDienTu-java/Dodientu2/Electronic-store-management-main/Electronic-store-management-main/src/javaapplication3/ThongTinNhanVien_ThemNV.java</file>
            <file>file:/D:/CODE/QuanLyCuaHangDienTu-java/Dodientu2/Electronic-store-management-main/Electronic-store-management-main/src/javaapplication3/QuanLyNhanVien1.java</file>
            <file>file:/D:/CODE/QuanLyCuaHangDienTu-java/Dodientu2/Electronic-store-management-main/Electronic-store-management-main/src/javaapplication3/Menu.java</file>
            <file>file:/D:/CODE/QuanLyCuaHangDienTu-java/Dodientu2/Electronic-store-management-main/Electronic-store-management-main/src/javaapplication3/QuanLyNhanVien2.java</file>
            <file>file:/D:/CODE/QuanLyCuaHangDienTu-java/Dodientu2/Electronic-store-management-main/Electronic-store-management-main/src/javaapplication3/DanhSachNhanVien.java</file>
        </group>
    </open-files>
</project-private>
